{"loss": [0.05130629986524582, 0.03466453403234482, 0.034123390913009644, 0.03357502073049545, 0.033177729696035385, 0.03270469978451729, 0.03211706504225731, 0.03158815577626228, 0.031063931062817574, 0.030784079805016518, 0.030537229031324387, 0.030319856479763985, 0.030339742079377174, 0.030253561213612556, 0.030250364914536476], "accuracy": [0.7656311988830566, 0.7656311988830566, 0.7656311988830566, 0.7656311988830566, 0.7656311988830566, 0.7656311988830566, 0.7656311988830566, 0.7656311988830566, 0.7656311988830566, 0.7656311988830566, 0.7656311988830566, 0.7656311988830566, 0.7656311988830566, 0.7656311988830566, 0.7656311988830566], "val_loss": [0.040739625692367554, 0.040431153029203415, 0.03962526470422745, 0.039256855845451355, 0.038431569933891296, 0.03753785789012909, 0.036873407661914825, 0.03628108650445938, 0.03526579961180687, 0.035212885588407516, 0.03483046218752861, 0.03459210321307182, 0.03452723100781441, 0.03452729433774948, 0.03424748405814171], "val_accuracy": [0.7590000033378601, 0.7590000033378601, 0.7590000033378601, 0.7590000033378601, 0.7590000033378601, 0.7590000033378601, 0.7590000033378601, 0.7590000033378601, 0.7590000033378601, 0.7590000033378601, 0.7590000033378601, 0.7590000033378601, 0.7590000033378601, 0.7590000033378601, 0.7590000033378601]}